<?xml version="1.0" encoding="UTF-8"?>
<project-private xmlns="http://www.netbeans.org/ns/project-private/1">
    <editor-bookmarks xmlns="http://www.netbeans.org/ns/editor-bookmarks/2" lastBookmarkId="0"/>
    <open-files xmlns="http://www.netbeans.org/ns/projectui-open-files/2">
        <group>
            <file>file:/G:/My%20Drive/ProyectoFinal/Programacion/Proyecto_Gym_ITS/src/modelo/LoginModelo.java</file>
            <file>file:/G:/My%20Drive/ProyectoFinal/Programacion/Proyecto_Gym_ITS/src/vista/LoginVista.java</file>
            <file>file:/G:/My%20Drive/ProyectoFinal/Programacion/Proyecto_Gym_ITS/src/vista/AdministradorVista.java</file>
            <file>file:/G:/My%20Drive/ProyectoFinal/Programacion/Proyecto_Gym_ITS/src/vista/NuevoSocioVista.java</file>
            <file>file:/G:/My%20Drive/ProyectoFinal/Programacion/Proyecto_Gym_ITS/src/controlador/NuevoSocioControlador.java</file>
            <file>file:/G:/My%20Drive/ProyectoFinal/Programacion/Proyecto_Gym_ITS/src/main/Principal.java</file>
            <file>file:/G:/My%20Drive/ProyectoFinal/Programacion/Proyecto_Gym_ITS/src/controlador/LoginControlador.java</file>
            <file>file:/G:/My%20Drive/ProyectoFinal/Programacion/Proyecto_Gym_ITS/src/controlador/AdministradorControlador.java</file>
        </group>
    </open-files>
</project-private>
